INSERT INTO users (username, password)
VALUES ('admin', '{noop}a'),
       ('user', '{noop}u');

INSERT INTO user_roles (user_id, role)
VALUES (1, 'ADMIN'),
       (1, 'USER'),
       (2, 'USER');

INSERT INTO dishes (title)
VALUES ('Hard Tacos or Tostadas'),
       ('Huevos Rancheros'),
       ('Stir Fry'),
       ('Burritos'),
       ('Fajitas'),
       ('Burgers or Hotdogs'),
       ('Quesadillas (plain cheese, or steak, chicken)'),
       ('Meatballs and Rice'),
       ('KFC Bowls (mashed potatoes on bottom, then corn and breaded chicken bites on top)'),
       ('Sloppy Joes'),
       ('Chicken and Rice'),
       ('Pulled BBQ Chicken (sandwiches, put on a salad, etc.)'),
       ('Pot Roast (leftovers can be made into sandwiches)'),
       ('Crockpot salsa chicken (makes into great burritos or salads!)'),
       ('Ribs (grilled, baked, crockpot, etc)'),
       ('French dip sandwiches (roast in crockpot + au jus sauce = french dip)'),
       ('Homemade Pizza'),
       ('Twice-Baked Potatoes'),
       ('Chicken Pot Pie (easier than you think!)'),
       ('Homemade Corn Dogs'),
       ('Potato-Topped Casserole (like Shepherd''s Pie)'),
       ('Calzones'),
       ('French Bread Pizza'),
       ('Enchiladas'),
       ('Egg Rolls (homemade)'),
       ('Stuffed Green Peppers'),
       ('Chicken Parmesan'),
       ('Fried Chicken (baked or actually fried)'),
       ('Chicken Cordon Bleu (easier than you would think, and so impressive! Great for guests.)'),
       ('Breaded chicken (can bread with Italian bread crumbs, graham crackers, saltines, potato chips)'),
       ('Chicken nuggets (homemade…so easy!)'),
       ('Chicken wings'),
       ('Cheesy bacon chicken'),
       ('Dijon Chicken'),
       ('Chicken Fingers'),
       ('Chicken and Broccoli Casserole'),
       ('Orange Chicken'),
       ('Cilantro-lime chicken'),
       ('Lemon Chicken');

INSERT INTO restaurants(title)
VALUES ('Zomato'),
       ('San Pelegrino'),
       ('Michelin');

INSERT INTO menu(date, restaurant_id)
VALUES ('2020-05-05', 42),
       ('2020-05-06', 42),
       ('2020-05-07', 42),
       ('2020-05-08', 42),
       ('2020-05-05', 43),
       ('2020-05-06', 43),
       ('2020-05-07', 43),
       ('2020-05-08', 43),
       ('2020-05-05', 44),
       ('2020-05-06', 44),
       ('2020-05-07', 44),
       ('2020-05-08', 44);

INSERT INTO menu_items(menu_id, dish_id, price)
VALUES (45, 3, 40),
       (45, 4, 50),
       (45, 5, 32),
       (45, 6, 70),
       (45, 7, 55),
       (45, 8, 12),
       (46, 7, 43),
       (46, 8, 56),
       (46, 9, 76),
       (46, 10, 87),
       (46, 11, 9),
       (47, 7, 43),
       (47, 8, 56),
       (47, 9, 76),
       (47, 10, 87),
       (47, 11, 9),
       (48, 7, 43),
       (48, 8, 56),
       (48, 9, 76),
       (48, 11, 9),
       (49, 7, 43),
       (49, 8, 56),
       (49, 9, 76),
       (49, 11, 9),
       (50, 7, 43),
       (50, 8, 56),
       (50, 9, 76),
       (50, 11, 9),
       (51, 7, 43),
       (51, 8, 56),
       (51, 9, 76),
       (51, 11, 9),
       (52, 7, 43),
       (52, 8, 56),
       (52, 9, 76),
       (52, 11, 9),
       (53, 7, 43),
       (53, 8, 56),
       (53, 9, 76),
       (53, 11, 9),
       (54, 7, 43),
       (54, 8, 56),
       (54, 9, 76),
       (54, 11, 9),
       (55, 7, 43),
       (55, 8, 56),
       (55, 9, 76),
       (55, 11, 9),
       (56, 7, 43),
       (56, 8, 56),
       (56, 9, 76),
       (56, 11, 9);

INSERT INTO lunches(date, user_id, restaurant_id)
VALUES ('2020-05-05', 2, 42),
       ('2020-05-06', 2, 42),
       ('2020-05-07', 2, 44),
       ('2020-05-08', 2, 42)
